run_at,source,ref,url,http_code,ok,file,error
2026-04-17T03:47:09+02:00,clas,1070150361,https://www.thehunter.com/#animal/1070150361,200,1,92db3920f4309cc6b94e19aba870197b0e8d9636.html.gz,
2026-04-17T03:47:09+02:00,clas,1070151212,https://www.thehunter.com/#animal/1070151212,200,1,1f61f5f4121f9c50ae4981b577ac8577e8c7d1d8.html.gz,
2026-04-17T03:47:09+02:00,clas,1070156110,https://www.thehunter.com/#animal/1070156110,200,1,96a563a1c1173f2d09d0388f03185b1ef876c42a.html.gz,
2026-04-17T03:47:09+02:00,clas,1070156175,https://www.thehunter.com/#animal/1070156175,200,1,7d4793a47b96b30d9bf2e3ecb3186981c8bc8c7c.html.gz,
2026-04-17T03:47:09+02:00,clas,1070156715,https://www.thehunter.com/#animal/1070156715,200,1,76d6250af5043e0c4a84b48a67b4defe3e77c88c.html.gz,
2026-04-17T03:47:09+02:00,clas,1070157835,https://www.thehunter.com/#animal/1070157835,200,1,1becb0cdc9ed037dff717ae2f79bf67c9ec3192b.html.gz,
2026-04-17T03:47:09+02:00,clas,1070166074,https://www.thehunter.com/#animal/1070166074,200,1,0ef6fafdbece4a1ba9eced48e03c0504e7837946.html.gz,
2026-04-17T03:47:09+02:00,clas,1070167422,https://www.thehunter.com/#animal/1070167422,200,1,81898571c255c0c5f0f4cfd09a58a5b3f929a5c2.html.gz,
2026-04-17T03:47:09+02:00,clas,1070171445,https://www.thehunter.com/#animal/1070171445,200,1,c20740387031cce0e69ce66bfcc4afea6669aa57.html.gz,
2026-04-17T03:47:09+02:00,clas,1070173350,https://www.thehunter.com/#animal/1070173350,200,1,157599580aceac95b831ce58533ce2a96844caaa.html.gz,
2026-04-17T03:47:09+02:00,clas,1070174900,https://www.thehunter.com/#animal/1070174900,200,1,abc5af65108bb4bdfa0ff0d61de68b49709fe437.html.gz,
2026-04-17T03:47:09+02:00,clas,1070176256,https://www.thehunter.com/#animal/1070176256,200,1,043a0a625e59b03fc8ed27772ce94a8b06726a32.html.gz,
2026-04-17T03:47:09+02:00,clas,1070176508,https://www.thehunter.com/#animal/1070176508,200,1,df66057a843a68c57ba66a3c1cdcb1b608ff6879.html.gz,
2026-04-17T03:47:09+02:00,clas,1070177636,https://www.thehunter.com/#animal/1070177636,200,1,b3accab56e00a5a3b46fbb82bc32f5133e14fe54.html.gz,
2026-04-17T03:47:09+02:00,clas,1070178300,https://www.thehunter.com/#animal/1070178300,200,1,43e388521f8eef41d7e62abdc0db3a58fd64b01b.html.gz,
2026-04-17T03:47:09+02:00,clas,1070178474,https://www.thehunter.com/#animal/1070178474,200,1,664be35ad14c8b03b7f28365ab4ff5861e3440fc.html.gz,
2026-04-17T03:47:09+02:00,clas,1070179669,https://www.thehunter.com/#animal/1070179669,200,1,0287faf782522fa293e2de8af359f21aaa250a5c.html.gz,
2026-04-17T03:47:09+02:00,clas,1070179806,https://www.thehunter.com/#animal/1070179806,200,1,3b4407f635b1feabb5b099cff510435d6b57982d.html.gz,
2026-04-17T03:47:09+02:00,clas,1070179951,https://www.thehunter.com/#animal/1070179951,200,1,b6adb14a4d2cf643196bd569a6b8d68d211aabc6.html.gz,
2026-04-17T03:47:09+02:00,clas,1070181339,https://www.thehunter.com/#animal/1070181339,200,1,560d914a26bc59734e08c8dc8ee448aaa9aeb6eb.html.gz,
2026-04-17T03:47:09+02:00,clas,1070188185,https://www.thehunter.com/#animal/1070188185,200,1,29f6b69b0d3b6bf9f8cd797893d1baae7d48f1b7.html.gz,
2026-04-17T03:47:09+02:00,clas,1070190196,https://www.thehunter.com/#animal/1070190196,200,1,21c1909eab76d81290d54fb2bc17dc23eaa1c2a4.html.gz,
2026-04-17T03:47:09+02:00,clas,1070192703,https://www.thehunter.com/#animal/1070192703,200,1,c13333f1d61ab85ee8c1ba736da0f7f9209a139e.html.gz,
2026-04-17T03:47:09+02:00,clas,1070193019,https://www.thehunter.com/#animal/1070193019,200,1,7c6416e6860df02f76dd05bbd773f9dc38bd0f1d.html.gz,
2026-04-17T03:47:09+02:00,clas,1070194863,https://www.thehunter.com/#animal/1070194863,200,1,51698115ca7b4d95358caaa2bee8e315fe20e9dc.html.gz,
2026-04-17T03:47:09+02:00,clas,1070196684,https://www.thehunter.com/#animal/1070196684,200,1,49b9d1cfeb241fd0675723d90281fc5c82fb02bf.html.gz,
2026-04-17T03:47:09+02:00,clas,1070198937,https://www.thehunter.com/#animal/1070198937,200,1,27379b3d1295df7242cf9fa1f0136f28e599628d.html.gz,
2026-04-17T03:47:09+02:00,clas,1070199715,https://www.thehunter.com/#animal/1070199715,200,1,9ccfc045e6880d0dc4fbc425b43392f5fad81756.html.gz,
2026-04-17T03:47:09+02:00,clas,1070200377,https://www.thehunter.com/#animal/1070200377,200,1,d100bed5eb380cd8141b50cc3293d027fc8d8c3f.html.gz,
2026-04-17T03:47:09+02:00,clas,1070206354,https://www.thehunter.com/#animal/1070206354,200,1,adc16316c39e239a7a722091f1a89795ab4cef18.html.gz,
2026-04-17T03:47:09+02:00,clas,1070206760,https://www.thehunter.com/#animal/1070206760,200,1,ae6efa363cf77428a1b517d0df1b962af8c54122.html.gz,
2026-04-17T03:47:09+02:00,clas,1070206898,https://www.thehunter.com/#animal/1070206898,200,1,41eac79f0669c9dfce1c582758105519c9489c2f.html.gz,
2026-04-17T03:47:09+02:00,clas,1070211884,https://www.thehunter.com/#animal/1070211884,200,1,8b2158689e54f76d2bc37e09535fec7bfb2d1527.html.gz,
2026-04-17T03:47:09+02:00,clas,1070212070,https://www.thehunter.com/#animal/1070212070,200,1,e8c5e3089e89d064bc8e0adeb5b31892cff496a1.html.gz,
2026-04-17T03:47:09+02:00,clas,1070213186,https://www.thehunter.com/#animal/1070213186,200,1,3682664fe70cae3c837302c9c88b125e2b1c1e2d.html.gz,
2026-04-17T03:47:09+02:00,clas,1070213831,https://www.thehunter.com/#animal/1070213831,200,1,cc3e66ca07163ce49fccbbd1ad436e20ca425799.html.gz,
2026-04-17T03:47:09+02:00,clas,1070216906,https://www.thehunter.com/#animal/1070216906,200,1,3ebef5345b471247eaa80bc382f7de05efc44587.html.gz,
2026-04-17T03:47:09+02:00,clas,1070218379,https://www.thehunter.com/#animal/1070218379,200,1,adfd1e5bf35399b54b15f0b7e741eb01774f13f7.html.gz,
2026-04-17T03:47:09+02:00,clas,1070218549,https://www.thehunter.com/#animal/1070218549,200,1,4d75e1d79322b8c1f052d411abba389ddaabfd75.html.gz,
2026-04-17T03:47:09+02:00,clas,1070221084,https://www.thehunter.com/#animal/1070221084,200,1,18ce04cf6bdfbfa3b6c3c75614181c734d44fa82.html.gz,
2026-04-17T03:47:09+02:00,clas,1070227721,https://www.thehunter.com/#animal/1070227721,200,1,051ebd308d6fec7f0465a1aa8f31f125c2340f4b.html.gz,
2026-04-17T03:47:09+02:00,clas,1070228142,https://www.thehunter.com/#animal/1070228142,200,1,83f713bedc4caec740c12ec005da5761a3134f60.html.gz,
2026-04-17T03:47:09+02:00,clas,1070228876,https://www.thehunter.com/#animal/1070228876,200,1,14fb04e92db9deacaea5ab705766679ce70b739c.html.gz,
2026-04-17T03:47:09+02:00,clas,1070228976,https://www.thehunter.com/#animal/1070228976,200,1,7b788b9e31b129c1b324cb1e81ae0a562c00ce74.html.gz,
2026-04-17T03:47:09+02:00,clas,1070229789,https://www.thehunter.com/#animal/1070229789,200,1,0d9a9d5b67bbbecc26123275cc60207b84549f62.html.gz,
2026-04-17T03:47:09+02:00,clas,1070230212,https://www.thehunter.com/#animal/1070230212,200,1,262f67666406b4eb9cd35cb35a89ff0945407a1c.html.gz,
2026-04-17T03:47:09+02:00,clas,1070236382,https://www.thehunter.com/#animal/1070236382,200,1,852222b6def7c36b9e61e3328a4b8837faecbd23.html.gz,
2026-04-17T03:47:09+02:00,clas,1070240175,https://www.thehunter.com/#animal/1070240175,200,1,80c34ea24efa5f3c28b1725f6b834a0460b3ea3b.html.gz,
2026-04-17T03:47:09+02:00,clas,1070242149,https://www.thehunter.com/#animal/1070242149,200,1,1f2639454ec73b0584a41d38b1abac4105932edc.html.gz,
2026-04-17T03:47:09+02:00,clas,1070243138,https://www.thehunter.com/#animal/1070243138,200,1,4c409562029a10c897b9789b3a8eda7a764a87cf.html.gz,
2026-04-17T03:47:09+02:00,clas,1070243181,https://www.thehunter.com/#animal/1070243181,200,1,e50a855c63cb5844d47bea88aaaf70b101bca025.html.gz,
2026-04-17T03:47:09+02:00,clas,1070246923,https://www.thehunter.com/#animal/1070246923,200,1,85d3c37d154709ab9ee82de22dc33c525e0d7727.html.gz,
2026-04-17T03:47:09+02:00,clas,1070253026,https://www.thehunter.com/#animal/1070253026,200,1,59d0e436686799eebba2af1d4908e97e57110e3e.html.gz,
2026-04-17T03:47:09+02:00,clas,1070253147,https://www.thehunter.com/#animal/1070253147,200,1,cb022ffccd607a374f7a30ba4f63044e73b72d39.html.gz,
2026-04-17T03:47:09+02:00,clas,1070254374,https://www.thehunter.com/#animal/1070254374,200,1,bd6843f5e2ce4c9b9efb118e37d4c258877bf1e7.html.gz,
2026-04-17T03:47:09+02:00,clas,1070254663,https://www.thehunter.com/#animal/1070254663,200,1,62443a19f8ea169d1d11b79cc41acd3fe8a46c8a.html.gz,
2026-04-17T03:47:09+02:00,clas,1070254860,https://www.thehunter.com/#animal/1070254860,200,1,6b630c57954280c845136e31351feaede219c5d2.html.gz,
2026-04-17T03:47:09+02:00,clas,1070266435,https://www.thehunter.com/#animal/1070266435,200,1,023e7a72ec1826be1c985f94e7f76e0d44ab1a21.html.gz,
2026-04-17T03:47:09+02:00,clas,1070268543,https://www.thehunter.com/#animal/1070268543,200,1,7329d2a6397aa67bc43682b7b1240ea2339d13db.html.gz,
2026-04-17T03:47:09+02:00,clas,1070273022,https://www.thehunter.com/#animal/1070273022,200,1,c416b2521265e445bd85159478670b3144e73cad.html.gz,
2026-04-17T03:47:09+02:00,clas,1070275284,https://www.thehunter.com/#animal/1070275284,200,1,649622772acb025ec9bd164ca0a64def5f15aed1.html.gz,
2026-04-17T03:47:09+02:00,clas,1070276018,https://www.thehunter.com/#animal/1070276018,200,1,c9cba4fb867d9fe69476f1da7040891527823462.html.gz,
2026-04-17T03:47:09+02:00,clas,1070276315,https://www.thehunter.com/#animal/1070276315,200,1,fb49d9d32e0a7446eda3ea22abda3805cbaf14bf.html.gz,
2026-04-17T03:47:09+02:00,clas,1070278625,https://www.thehunter.com/#animal/1070278625,200,1,2bbd40cdf4943988f73ad2d20125b0e14a337d53.html.gz,
2026-04-17T03:47:09+02:00,clas,1070281318,https://www.thehunter.com/#animal/1070281318,200,1,c59e73496d08727145f28e7b3f03479aa19185ff.html.gz,
2026-04-17T03:47:09+02:00,clas,1070289501,https://www.thehunter.com/#animal/1070289501,200,1,ecae84e4dee9ef13e0846508b8d4be54052e406d.html.gz,
2026-04-17T03:47:09+02:00,clas,1070290288,https://www.thehunter.com/#animal/1070290288,200,1,1f966c21bf08eeb04eea5533519c256388a2dd92.html.gz,
2026-04-17T03:47:09+02:00,clas,1070291192,https://www.thehunter.com/#animal/1070291192,200,1,5d2f3a704c6f24cf945b3ef28aaf7100b2d35630.html.gz,
2026-04-17T03:47:09+02:00,clas,1070293220,https://www.thehunter.com/#animal/1070293220,200,1,5c0f9ee1d5253482219092c5730fbde37ee94255.html.gz,
2026-04-17T03:47:09+02:00,clas,1070296332,https://www.thehunter.com/#animal/1070296332,200,1,830ed551c61ad7e9e957c02bc3257c13263e6229.html.gz,
2026-04-17T03:47:09+02:00,clas,1070300794,https://www.thehunter.com/#animal/1070300794,200,1,7b734e832713a40f59bc5a11f57b178af44d5f1a.html.gz,
2026-04-17T03:47:09+02:00,clas,1070303150,https://www.thehunter.com/#animal/1070303150,200,1,75c182bbcca3081a8f69507e0959e5f07ba58daf.html.gz,
2026-04-17T03:47:09+02:00,clas,1070306755,https://www.thehunter.com/#animal/1070306755,200,1,126eb1bd406ba95b7d9dc8a9d595847ade03711a.html.gz,
2026-04-17T03:47:09+02:00,clas,1070310469,https://www.thehunter.com/#animal/1070310469,200,1,6bea8ac687d47891dc1215cca6822c478beceed2.html.gz,
2026-04-17T03:47:09+02:00,clas,1070312383,https://www.thehunter.com/#animal/1070312383,200,1,384b4ff267dabe89447430195b56600d1776f338.html.gz,
2026-04-17T03:47:09+02:00,clas,1070313108,https://www.thehunter.com/#animal/1070313108,200,1,3334cd9a59734ad09375bda9a57ff197cb1dea3a.html.gz,
2026-04-17T03:47:09+02:00,clas,1070320058,https://www.thehunter.com/#animal/1070320058,200,1,b9a43dde6931be1df7c8b22000e13491f2fce4ad.html.gz,
2026-04-17T03:47:09+02:00,clas,1070321557,https://www.thehunter.com/#animal/1070321557,200,1,7fb6817876a43614af697721d10c708f53ab579c.html.gz,
2026-04-17T03:47:09+02:00,clas,1070322408,https://www.thehunter.com/#animal/1070322408,200,1,cdccd708dd6fda730f175ad7b0bc361433ddbbf8.html.gz,
2026-04-17T03:47:09+02:00,clas,1070323388,https://www.thehunter.com/#animal/1070323388,200,1,abbb17c5e9b56583723b0dae62e5531e3b88a111.html.gz,
2026-04-17T03:47:09+02:00,clas,1070325942,https://www.thehunter.com/#animal/1070325942,200,1,84b32bd3b056d7181e881a8a83ae28bce3325852.html.gz,
2026-04-17T03:47:09+02:00,clas,1070329381,https://www.thehunter.com/#animal/1070329381,200,1,519d38b846641f39dfa3a9cfabd63f236b02933b.html.gz,
2026-04-17T03:47:09+02:00,clas,1070333883,https://www.thehunter.com/#animal/1070333883,200,1,70f252a5ed3fc87d27206b4e6b74f6df0e07b841.html.gz,
2026-04-17T03:47:09+02:00,clas,1070336130,https://www.thehunter.com/#animal/1070336130,200,1,6249c02c186702383dabc1beba537dfd432d055a.html.gz,
2026-04-17T03:47:09+02:00,clas,1070337197,https://www.thehunter.com/#animal/1070337197,200,1,dd0681bfd8161f23e8047e59d4490da78fc99317.html.gz,
2026-04-17T03:47:09+02:00,clas,1070340697,https://www.thehunter.com/#animal/1070340697,200,1,2c4d873ba6248708642a374409898256b0d61f35.html.gz,
2026-04-17T03:47:09+02:00,clas,1070343185,https://www.thehunter.com/#animal/1070343185,200,1,7379006578517e5731c619b3dbe8373d727892dd.html.gz,
2026-04-17T03:47:09+02:00,clas,1070345192,https://www.thehunter.com/#animal/1070345192,200,1,87dc15f314191e05c8ce69704b52bacae47ab6d8.html.gz,
2026-04-17T03:47:09+02:00,clas,1070349327,https://www.thehunter.com/#animal/1070349327,200,1,7f0a6c42bbdf562e74893cdc490cafd35d203839.html.gz,
2026-04-17T03:47:09+02:00,clas,1070350799,https://www.thehunter.com/#animal/1070350799,200,1,53a6665830901bdd1b89da44f961cc860ba73169.html.gz,
2026-04-17T03:47:09+02:00,clas,1070351992,https://www.thehunter.com/#animal/1070351992,200,1,b6ca528fb562582065f9fe32efd893daae3244db.html.gz,
2026-04-17T03:47:09+02:00,clas,1070353254,https://www.thehunter.com/#animal/1070353254,200,1,bf118c72514c3b81e2fa26bb1c4476cf33168096.html.gz,
2026-04-17T03:47:09+02:00,clas,1070354852,https://www.thehunter.com/#animal/1070354852,200,1,f7fd2f78e012679d658ef3b8c98d6d717e5fca4f.html.gz,
2026-04-17T03:47:09+02:00,clas,1070358225,https://www.thehunter.com/#animal/1070358225,200,1,8fab11ce907209a8da7a69a95a8886d6f85bc4b1.html.gz,
2026-04-17T03:47:09+02:00,clas,1070359229,https://www.thehunter.com/#animal/1070359229,200,1,94d5d94f9749fdb4702279a95f9a0950db878618.html.gz,
2026-04-17T03:47:09+02:00,clas,1070360410,https://www.thehunter.com/#animal/1070360410,200,1,b1b19a91d3879d27fc75579bf18d23a77af32e67.html.gz,
2026-04-17T03:47:09+02:00,clas,1070362030,https://www.thehunter.com/#animal/1070362030,200,1,8355c17feaeb597627c9ebd0edfdef1a9cd24cfd.html.gz,
2026-04-17T03:47:09+02:00,clas,1070363872,https://www.thehunter.com/#animal/1070363872,200,1,b50cd724c6543138602fe3148b46404d3a64cf68.html.gz,
2026-04-17T03:47:09+02:00,clas,1070365559,https://www.thehunter.com/#animal/1070365559,200,1,0298555a363af102014a134a082dcb127a7ee5fd.html.gz,
2026-04-17T03:47:09+02:00,clas,1070365888,https://www.thehunter.com/#animal/1070365888,200,1,805fea7beb1ce7f1872973d6fe141bccc9b954b7.html.gz,
2026-04-17T03:47:09+02:00,clas,1070368547,https://www.thehunter.com/#animal/1070368547,200,1,2f70ae6025a0304c4dfdea80890e503d8795b438.html.gz,
2026-04-17T03:47:09+02:00,clas,1070380374,https://www.thehunter.com/#animal/1070380374,200,1,05a82035c4c542eb34bd8d252b1c647dc42be8d0.html.gz,
2026-04-17T03:47:09+02:00,clas,1070382479,https://www.thehunter.com/#animal/1070382479,200,1,88b3d5e20670d53437caed8a8b569c532e1cb543.html.gz,
2026-04-17T03:47:09+02:00,clas,1070384425,https://www.thehunter.com/#animal/1070384425,200,1,7cea57aa47acdf3d11690735508b9f5381826838.html.gz,
2026-04-17T03:47:09+02:00,clas,1070390011,https://www.thehunter.com/#animal/1070390011,200,1,9b38c90dd8d7b23b80970fee6a2902f861410a4f.html.gz,
2026-04-17T03:47:09+02:00,clas,1070398728,https://www.thehunter.com/#animal/1070398728,200,1,69d6d9cf45cdd491ae458b25ea3c0c9342949921.html.gz,
2026-04-17T03:47:09+02:00,clas,1070399308,https://www.thehunter.com/#animal/1070399308,200,1,199db67403f19a406ba1ce90922a973b209bbdf5.html.gz,
2026-04-17T03:47:09+02:00,clas,1070399692,https://www.thehunter.com/#animal/1070399692,200,1,36e3d6736ea9f110df55d1fa405d40a38c2d007f.html.gz,
2026-04-17T03:47:09+02:00,clas,1070400011,https://www.thehunter.com/#animal/1070400011,200,1,43bde3b211ee765c5014a12fe004eb95d00ca0c1.html.gz,
2026-04-17T03:47:09+02:00,clas,1070405581,https://www.thehunter.com/#animal/1070405581,200,1,906ef0774bc1a1b1e27a23662e16390cc2283bdb.html.gz,
2026-04-17T03:47:09+02:00,clas,1070410250,https://www.thehunter.com/#animal/1070410250,200,1,524e1206728333459b9d6d6c19d8d34af28fa7f0.html.gz,
2026-04-17T03:47:09+02:00,clas,1070411692,https://www.thehunter.com/#animal/1070411692,200,1,923bb937628181720e754a95b6041212d6081c1e.html.gz,
2026-04-17T03:47:09+02:00,clas,1070412187,https://www.thehunter.com/#animal/1070412187,200,1,0c512b9f235cf08ca00c22037266ca2af329cd1c.html.gz,
2026-04-17T03:47:09+02:00,clas,1070412358,https://www.thehunter.com/#animal/1070412358,200,1,dd8319012c1a8f6659e6a90638c8a396f278542b.html.gz,
2026-04-17T03:47:09+02:00,clas,1070412690,https://www.thehunter.com/#animal/1070412690,200,1,1e7aa8ccfc004acc59e2b9463b2d4dacfd312be2.html.gz,
2026-04-17T03:47:09+02:00,clas,1070414419,https://www.thehunter.com/#animal/1070414419,200,1,e51b2370597dc423549a6d9bb2e5b373f59488fc.html.gz,
2026-04-17T03:47:09+02:00,clas,1070414471,https://www.thehunter.com/#animal/1070414471,200,1,c0618786738ddd5d6c1d2dcdda53ad59469c4709.html.gz,
2026-04-17T03:47:09+02:00,clas,1070416039,https://www.thehunter.com/#animal/1070416039,200,1,40572d2354330618065aa713f1db6daa1800256a.html.gz,
2026-04-17T03:47:09+02:00,clas,1070425554,https://www.thehunter.com/#animal/1070425554,200,1,1d6d5e6190e12b29804143e9924b03771c060d17.html.gz,
2026-04-17T03:47:09+02:00,clas,1070428510,https://www.thehunter.com/#animal/1070428510,200,1,60b4551f8bd27016cb7e5599439501708b574be9.html.gz,
2026-04-17T03:47:09+02:00,clas,1070429399,https://www.thehunter.com/#animal/1070429399,200,1,6f40e857fdfae3df313defe51d4dc49162543b67.html.gz,
2026-04-17T03:47:09+02:00,clas,1070430826,https://www.thehunter.com/#animal/1070430826,200,1,5bbf5bbb48819f9bcb4e6c62c3224d9ba5a078e7.html.gz,
2026-04-17T03:47:09+02:00,clas,1070433137,https://www.thehunter.com/#animal/1070433137,200,1,2bc92d2520fba776af198f3ed95bd161fc7f6799.html.gz,
2026-04-17T03:47:09+02:00,clas,1070435686,https://www.thehunter.com/#animal/1070435686,200,1,bf2fd06dab21ad7a7daaf3bb8d0364d16e262b0a.html.gz,
2026-04-17T03:47:09+02:00,clas,1070436390,https://www.thehunter.com/#animal/1070436390,200,1,61f26e56e0c1869a4d56269669e0c8eaffa7c03c.html.gz,
2026-04-17T03:47:09+02:00,clas,1070436832,https://www.thehunter.com/#animal/1070436832,200,1,189b9c4866146b2dc294753727168210769f6086.html.gz,
2026-04-17T03:47:09+02:00,clas,1070438363,https://www.thehunter.com/#animal/1070438363,200,1,d70b7b151a7fdd212bd1334d974f869cd9c3fe11.html.gz,
2026-04-17T03:47:09+02:00,clas,1070438903,https://www.thehunter.com/#animal/1070438903,200,1,8ead1a86c4bf54dee83eec79df0f920b529f7fd1.html.gz,
2026-04-17T03:47:09+02:00,clas,1070439313,https://www.thehunter.com/#animal/1070439313,200,1,c267fe02e4db2eef23aa25131a0c5da4a4144024.html.gz,
2026-04-17T03:47:09+02:00,clas,1070441033,https://www.thehunter.com/#animal/1070441033,200,1,cdaa2aca26120d54281f240b409c13e856bbb849.html.gz,
2026-04-17T03:47:09+02:00,clas,1070445868,https://www.thehunter.com/#animal/1070445868,200,1,44282ce1ee4fb23aa4ae700bd73bfa6026613ae1.html.gz,
2026-04-17T03:47:09+02:00,clas,1070447583,https://www.thehunter.com/#animal/1070447583,200,1,8baf2ea1134af3de9e1926066fe61fb5d7fee96d.html.gz,
2026-04-17T03:47:09+02:00,clas,1070451440,https://www.thehunter.com/#animal/1070451440,200,1,7ed2c31d76dc17066dbd1a2eb0105c577bc9ba0e.html.gz,
2026-04-17T03:47:09+02:00,clas,1070452114,https://www.thehunter.com/#animal/1070452114,200,1,1b83f82973ac94716006bccd4002db177686d46a.html.gz,
2026-04-17T03:47:09+02:00,clas,1070454850,https://www.thehunter.com/#animal/1070454850,200,1,8c79dd478e2383ed6e6562ae59a8466cc01e903b.html.gz,
2026-04-17T03:47:09+02:00,clas,1070463996,https://www.thehunter.com/#animal/1070463996,200,1,6aaa20eba9c94b11e964b4d68fa0a34dfd656321.html.gz,
2026-04-17T03:47:09+02:00,clas,1070465910,https://www.thehunter.com/#animal/1070465910,200,1,0ef79fe7142bc52f8f69b682d61ae46379f17882.html.gz,
2026-04-17T03:47:09+02:00,clas,1070472800,https://www.thehunter.com/#animal/1070472800,200,1,fcebc7b257a52714f8b691099af3a33eec2e2927.html.gz,
2026-04-17T03:47:09+02:00,clas,1070483641,https://www.thehunter.com/#animal/1070483641,200,1,7dc41e954e048c667e2b45e5fdafc0af5a76d535.html.gz,
2026-04-17T03:47:09+02:00,clas,1070485940,https://www.thehunter.com/#animal/1070485940,200,1,984844a6c52cfd0f054ca03b53b1d80544c65b4b.html.gz,
2026-04-17T03:47:09+02:00,clas,1070492286,https://www.thehunter.com/#animal/1070492286,200,1,d2cdb42e3a977633f52519788a9ebb17783b1b1c.html.gz,
2026-04-17T03:47:09+02:00,clas,1070492612,https://www.thehunter.com/#animal/1070492612,200,1,5173188c5cde67422947573940976395a83420a6.html.gz,
2026-04-17T03:47:09+02:00,clas,1070495799,https://www.thehunter.com/#animal/1070495799,200,1,e1ca99b2b805759ecbbe5ae82e9ded813b073e89.html.gz,
2026-04-17T03:47:09+02:00,clas,1070499751,https://www.thehunter.com/#animal/1070499751,200,1,faff8d7c3a0c56a4dcf2117766d98f01421faef8.html.gz,
2026-04-17T03:47:09+02:00,clas,1070501361,https://www.thehunter.com/#animal/1070501361,200,1,25f69b9c9fbf3506e93241e0b122cc728fde4a50.html.gz,
2026-04-17T03:47:09+02:00,clas,1070502181,https://www.thehunter.com/#animal/1070502181,200,1,69bfa632686e60da21a3442e966659697b52533e.html.gz,
2026-04-17T03:47:09+02:00,clas,1070503124,https://www.thehunter.com/#animal/1070503124,200,1,51500a5d129b04e5d3483df0cc50c8aed95ea906.html.gz,
2026-04-17T03:47:09+02:00,clas,1070503541,https://www.thehunter.com/#animal/1070503541,200,1,08e65dfa0733265d7d1d4f2d179c8a40945540b9.html.gz,
2026-04-17T03:47:09+02:00,clas,1070503608,https://www.thehunter.com/#animal/1070503608,200,1,fe8f3d1a0d8be7220fd19883e3fa4fd12335b176.html.gz,
2026-04-17T03:47:09+02:00,clas,1070507524,https://www.thehunter.com/#animal/1070507524,200,1,d7a8debf6b0167d905c9ee22add2f8c71ff67782.html.gz,
2026-04-17T03:47:09+02:00,clas,1070510528,https://www.thehunter.com/#animal/1070510528,200,1,1a56a1c660f5c3890c6c796bab923b1a5408e3f4.html.gz,
2026-04-17T03:47:09+02:00,clas,1070513701,https://www.thehunter.com/#animal/1070513701,200,1,c1f7a77c5172e2aabfa84141fd40eb7f56922cc4.html.gz,
2026-04-17T03:47:09+02:00,clas,1070520621,https://www.thehunter.com/#animal/1070520621,200,1,e456bedbf0b645dbba6a3d76a97d6e649b2a899b.html.gz,
2026-04-17T03:47:09+02:00,clas,1070529803,https://www.thehunter.com/#animal/1070529803,200,1,aebb1195ded11d6aa977f3086e8e295391f1554d.html.gz,
2026-04-17T03:47:09+02:00,clas,1070530159,https://www.thehunter.com/#animal/1070530159,200,1,87eff648712b8caef2b5bf298a01356ee37aad17.html.gz,
2026-04-17T03:47:09+02:00,clas,1070532043,https://www.thehunter.com/#animal/1070532043,200,1,a64d7539e4d746b7401bbc9f5b9788c3ef7430cd.html.gz,
2026-04-17T03:47:09+02:00,clas,1070533069,https://www.thehunter.com/#animal/1070533069,200,1,c8b0fc9a740a9ab4e98197d73762599ae673839a.html.gz,
2026-04-17T03:47:09+02:00,clas,1070533420,https://www.thehunter.com/#animal/1070533420,200,1,0c956d49244969eceb9dfda74fea68713cb0d04f.html.gz,
2026-04-17T03:47:09+02:00,clas,1070534248,https://www.thehunter.com/#animal/1070534248,200,1,688f520d4f527e3a3f2f96463e48fb92d2ac567d.html.gz,
2026-04-17T03:47:09+02:00,clas,1070539790,https://www.thehunter.com/#animal/1070539790,200,1,0c3e7b7b47a9e2af4f0ff2bfdf6ca5125deeb491.html.gz,
2026-04-17T03:47:09+02:00,clas,1070541009,https://www.thehunter.com/#animal/1070541009,200,1,f8eb33ba7e9695b26831b480d1950e5def9e45d6.html.gz,
2026-04-17T03:47:09+02:00,clas,1070541899,https://www.thehunter.com/#animal/1070541899,200,1,c938f7e1bac963b307be25d9a543dcf6e6f824fb.html.gz,
2026-04-17T03:47:09+02:00,clas,1070542108,https://www.thehunter.com/#animal/1070542108,200,1,25d494dbb58ebafdaa45402c0da8ec7f9b46226b.html.gz,
2026-04-17T03:47:09+02:00,clas,1070542140,https://www.thehunter.com/#animal/1070542140,200,1,c0236543e6872a0ab55f7f2c51832ca765b957fd.html.gz,
2026-04-17T03:47:09+02:00,clas,1070542174,https://www.thehunter.com/#animal/1070542174,200,1,e500b22c5f4529a36426bf0c9a3071865831fe6a.html.gz,
2026-04-17T03:47:09+02:00,clas,1070542829,https://www.thehunter.com/#animal/1070542829,200,1,d70cb6983c10ecd08903728d5fb1cbe0dd92ff67.html.gz,
2026-04-17T03:47:09+02:00,clas,1070544646,https://www.thehunter.com/#animal/1070544646,200,1,c8e15e8f7becf90056931b8154d5113e9ec74ef3.html.gz,
2026-04-17T03:47:09+02:00,clas,1070545816,https://www.thehunter.com/#animal/1070545816,200,1,ec300f352750a0910b33e91a79525969eeef0f8c.html.gz,
2026-04-17T03:47:09+02:00,clas,1070550040,https://www.thehunter.com/#animal/1070550040,200,1,659864583f7045c17fb5ffed6af25410e68d4d25.html.gz,
2026-04-17T03:47:09+02:00,clas,1070555378,https://www.thehunter.com/#animal/1070555378,200,1,da7e9a27a27945c042e1cfef271b76c3b374164d.html.gz,
2026-04-17T03:47:09+02:00,clas,1070568688,https://www.thehunter.com/#animal/1070568688,200,1,eaab702dbcc61da2862f08319cd4d487955457c6.html.gz,
2026-04-17T03:47:09+02:00,clas,1070570220,https://www.thehunter.com/#animal/1070570220,200,1,347c5a7381f70fcf0c9cdd0e338224e704c59e1a.html.gz,
2026-04-17T03:47:09+02:00,clas,1070575002,https://www.thehunter.com/#animal/1070575002,200,1,9d8b0b227f0171d69836ba2673a68035b08e31fb.html.gz,
2026-04-17T03:47:09+02:00,clas,1070575159,https://www.thehunter.com/#animal/1070575159,200,1,bedf4942ab6e8807ad40e11f228002deaf2274ca.html.gz,
2026-04-17T03:47:09+02:00,clas,1070575388,https://www.thehunter.com/#animal/1070575388,200,1,17f34c7133475edb1a1c64aa1fd590bb49e81c3e.html.gz,
2026-04-17T03:47:09+02:00,clas,1070579385,https://www.thehunter.com/#animal/1070579385,200,1,83edf748aed89d60d48b1e0895f872077499239b.html.gz,
2026-04-17T03:47:09+02:00,clas,1070580942,https://www.thehunter.com/#animal/1070580942,200,1,95dbd3ce6081daf799c681317b616cd2d3eb78c4.html.gz,
2026-04-17T03:47:09+02:00,clas,1070582502,https://www.thehunter.com/#animal/1070582502,200,1,9ab6a3af5667fa945098a75089fc913f761bc94b.html.gz,
2026-04-17T03:47:09+02:00,clas,1070583469,https://www.thehunter.com/#animal/1070583469,200,1,2c79520ad1465ffcd930aaa2980dd404ef41202e.html.gz,
2026-04-17T03:47:09+02:00,clas,1070594026,https://www.thehunter.com/#animal/1070594026,200,1,8f2732c3ec77e40aba22a0a590ea0f4561f04d90.html.gz,
2026-04-17T03:47:09+02:00,clas,1070596319,https://www.thehunter.com/#animal/1070596319,200,1,39e079af27b19dd2ad98f037ac09887cd2601ee4.html.gz,
2026-04-17T03:47:09+02:00,clas,1070596610,https://www.thehunter.com/#animal/1070596610,200,1,ad91733e26abf2cf65ec5a11e0299b9c3006343c.html.gz,
2026-04-17T03:47:09+02:00,clas,1070608076,https://www.thehunter.com/#animal/1070608076,200,1,c051987d32bce0d2236e115639ec5b7c87a79fa4.html.gz,
2026-04-17T03:47:09+02:00,clas,1070621117,https://www.thehunter.com/#animal/1070621117,200,1,ff9f572173906c625abc3227533d3e51ed45dcc9.html.gz,
2026-04-17T03:47:09+02:00,clas,1070624129,https://www.thehunter.com/#animal/1070624129,200,1,05ccd94d4214ae889d42dd1554d653c8dc423304.html.gz,
2026-04-17T03:47:09+02:00,clas,1070633022,https://www.thehunter.com/#animal/1070633022,200,1,0650fa3b54034615a0541aa26d7a9a1a4fd25e11.html.gz,
2026-04-17T03:47:09+02:00,clas,1070635677,https://www.thehunter.com/#animal/1070635677,200,1,3e291da7e4c8f538ab94defd5a54ee0b0bf4e27c.html.gz,
2026-04-17T03:47:09+02:00,clas,1070637197,https://www.thehunter.com/#animal/1070637197,200,1,44de044fbf0524613ff5c4bd2008f1fa22a02b2e.html.gz,
2026-04-17T03:47:09+02:00,clas,1070645474,https://www.thehunter.com/#animal/1070645474,200,1,c39f9885ecb7408208db33c9615f61dd51bd066a.html.gz,
2026-04-17T03:47:09+02:00,clas,1070647384,https://www.thehunter.com/#animal/1070647384,200,1,ace6041b4115d2ceaaed7443c532a2988e66e0bd.html.gz,
2026-04-17T03:47:09+02:00,clas,1070651870,https://www.thehunter.com/#animal/1070651870,200,1,6797218685fba71537bc9c66ccaf735525a89149.html.gz,
2026-04-17T03:47:09+02:00,clas,1070654849,https://www.thehunter.com/#animal/1070654849,200,1,d28ba787db4ebb24cc749ad3421054b65a8a263f.html.gz,
2026-04-17T03:47:09+02:00,clas,1070655513,https://www.thehunter.com/#animal/1070655513,200,1,31f37940329b30cca69256b710b4c26558b553ca.html.gz,
2026-04-17T03:47:09+02:00,clas,1070656927,https://www.thehunter.com/#animal/1070656927,200,1,167603d2911f6e21a41848cb3a691ad68d99f480.html.gz,
2026-04-17T03:47:09+02:00,clas,1070658693,https://www.thehunter.com/#animal/1070658693,200,1,aa8fd31af982fd3dfee35520a483417a1fdc9d5f.html.gz,
2026-04-17T03:47:09+02:00,clas,1070667033,https://www.thehunter.com/#animal/1070667033,200,1,9dbea35cd3f7e0aecf1b4e8866b448db44a931c8.html.gz,
2026-04-17T03:47:09+02:00,clas,1070670676,https://www.thehunter.com/#animal/1070670676,200,1,6199568f97614ed4fcdf7516da642c1f200e5d89.html.gz,
2026-04-17T03:47:09+02:00,clas,1070671056,https://www.thehunter.com/#animal/1070671056,200,1,8e07d48a824edce2ec87bfe00add30dca5ae62bb.html.gz,
2026-04-17T03:47:09+02:00,clas,1070673257,https://www.thehunter.com/#animal/1070673257,200,1,1f36b2146c97cdf13704a24bbae6acd942a9fac9.html.gz,
2026-04-17T03:47:09+02:00,clas,1070674227,https://www.thehunter.com/#animal/1070674227,200,1,8a538cdd1f39d9b3511cae83115ebc2e6e207625.html.gz,
2026-04-17T03:47:09+02:00,clas,1070675910,https://www.thehunter.com/#animal/1070675910,200,1,5c883f5559fe23cd6bd0335914e772e7562d954c.html.gz,
2026-04-17T03:47:09+02:00,clas,1070676601,https://www.thehunter.com/#animal/1070676601,200,1,ebb0561a092ff121ac2388055e2da08800a47a50.html.gz,
2026-04-17T03:47:09+02:00,clas,1070678620,https://www.thehunter.com/#animal/1070678620,200,1,785900b3018109d6dc6e491c685c741dddabdbbc.html.gz,
2026-04-17T03:47:09+02:00,clas,1070685830,https://www.thehunter.com/#animal/1070685830,200,1,4150fde580e24671606359b291abb8ba62ad36b5.html.gz,
2026-04-17T03:47:09+02:00,clas,1070695435,https://www.thehunter.com/#animal/1070695435,200,1,6df94395ef84a890920c07c6e980e2531b1abda5.html.gz,
2026-04-17T03:47:09+02:00,clas,1070698486,https://www.thehunter.com/#animal/1070698486,200,1,aa7bffe5be554b7b1651a51469d8889174fa145d.html.gz,
2026-04-17T03:47:09+02:00,clas,1070699240,https://www.thehunter.com/#animal/1070699240,200,1,d3ceebc31449e2b5a97524052dd3d570c983bb66.html.gz,
2026-04-17T03:47:09+02:00,clas,1070702894,https://www.thehunter.com/#animal/1070702894,200,1,65ead829c7269ce222bb9bbcc0499442b714bafe.html.gz,
2026-04-17T03:47:09+02:00,clas,1070705400,https://www.thehunter.com/#animal/1070705400,200,1,2b6140a12f9ef8b02c39d72aee49eb2500628d61.html.gz,
2026-04-17T03:47:09+02:00,clas,1070706528,https://www.thehunter.com/#animal/1070706528,200,1,5f58bfa050127c05f7a2759076cfc40486948a81.html.gz,
2026-04-17T03:47:09+02:00,clas,1070713627,https://www.thehunter.com/#animal/1070713627,200,1,23203dd827986cbf630c023610ab7bea3a1fa63c.html.gz,
2026-04-17T03:47:09+02:00,clas,1070717080,https://www.thehunter.com/#animal/1070717080,200,1,54f194f613952daac598f24e4e298a0e1baa7b62.html.gz,
2026-04-17T03:47:09+02:00,clas,1070717503,https://www.thehunter.com/#animal/1070717503,200,1,eaae601fcd1c03a1fcc73c497f536a12e7302673.html.gz,
2026-04-17T03:47:09+02:00,clas,1070717888,https://www.thehunter.com/#animal/1070717888,200,1,1e229b7c616cb1d9e4a7a39ca10fe91a2b45c78f.html.gz,
2026-04-17T03:47:09+02:00,clas,1070718093,https://www.thehunter.com/#animal/1070718093,200,1,6aa319cae10ff1f58a11c25f065ac8c47e11f3d6.html.gz,
2026-04-17T03:47:09+02:00,clas,1070720509,https://www.thehunter.com/#animal/1070720509,200,1,063e1825d80e438a4efb3749ab52af7293147fcb.html.gz,
2026-04-17T03:47:09+02:00,clas,1070721907,https://www.thehunter.com/#animal/1070721907,200,1,00ca748db8849d29e9c83a53728461d8adf3fd7c.html.gz,
2026-04-17T03:47:09+02:00,clas,1070722823,https://www.thehunter.com/#animal/1070722823,200,1,86f7ed235827c7d0f082b05fe3d72dfbefd519d9.html.gz,
2026-04-17T03:47:09+02:00,clas,1070733679,https://www.thehunter.com/#animal/1070733679,200,1,5b068157f6c5a343b68675cd8d6403518002e03b.html.gz,
2026-04-17T03:47:09+02:00,clas,1070734839,https://www.thehunter.com/#animal/1070734839,200,1,62fed06ae53752da21c19cd08a8b8bf5e9c0559f.html.gz,
2026-04-17T03:47:09+02:00,clas,1070734947,https://www.thehunter.com/#animal/1070734947,200,1,b1cf75d90dd7bb8e937c9e3992c01dcebe7e5096.html.gz,
2026-04-17T03:47:09+02:00,clas,1070735899,https://www.thehunter.com/#animal/1070735899,200,1,b5debeda063ff396c727ed27f41b0b7b47cfc322.html.gz,
2026-04-17T03:47:09+02:00,clas,1070738290,https://www.thehunter.com/#animal/1070738290,200,1,b1f8264cf6fa500ea442a50438a72ac19feff4de.html.gz,
2026-04-17T03:47:09+02:00,clas,1070746458,https://www.thehunter.com/#animal/1070746458,200,1,67ec3fcb19c1e8870f5957470db501093eb17f0e.html.gz,
2026-04-17T03:47:09+02:00,clas,1070748544,https://www.thehunter.com/#animal/1070748544,200,1,c9e8158d16f5faa013f84a10cb73607ccbf8a6f6.html.gz,
2026-04-17T03:47:09+02:00,clas,1070750197,https://www.thehunter.com/#animal/1070750197,200,1,630e7c041ae1c3b6fac3ad2e9f78e2c9ef41bb45.html.gz,
2026-04-17T03:47:09+02:00,clas,1070755900,https://www.thehunter.com/#animal/1070755900,200,1,12a564d66c6c4f4093a7aeac77fc6b2735994317.html.gz,
2026-04-17T03:47:09+02:00,clas,1070756033,https://www.thehunter.com/#animal/1070756033,200,1,dfac264814cecc0f61cf86e3069e7f4803d68556.html.gz,
2026-04-17T03:47:09+02:00,clas,1070756487,https://www.thehunter.com/#animal/1070756487,200,1,225bb6ccc6da4ee96f483ac2cf342a3bf15aab74.html.gz,
2026-04-17T03:47:09+02:00,clas,1070756798,https://www.thehunter.com/#animal/1070756798,200,1,6adb599201f777797a317c8071678dd950283cd1.html.gz,
2026-04-17T03:47:09+02:00,clas,1070759996,https://www.thehunter.com/#animal/1070759996,200,1,78dc27b41cfa3c9bfb7d3d295b7caa03773337df.html.gz,
2026-04-17T03:47:09+02:00,clas,1070762728,https://www.thehunter.com/#animal/1070762728,200,1,59890ca1062f2650096ca8d4f642170e5109367b.html.gz,
2026-04-17T03:47:09+02:00,clas,1070764014,https://www.thehunter.com/#animal/1070764014,200,1,45bde245f64757b374cf2f348befab449bf4f11e.html.gz,
2026-04-17T03:47:09+02:00,clas,1070764612,https://www.thehunter.com/#animal/1070764612,200,1,44bce2185765b10d31ea07d2c58ce760f0735e7f.html.gz,
2026-04-17T03:47:09+02:00,clas,1070764919,https://www.thehunter.com/#animal/1070764919,200,1,a00618444aedf333f772f4e64d098d993d7cb87f.html.gz,
2026-04-17T03:47:09+02:00,clas,1070765588,https://www.thehunter.com/#animal/1070765588,200,1,b0a7abe603fb0ee2e5b954bfb5835835a45c5137.html.gz,
2026-04-17T03:47:09+02:00,clas,1070766992,https://www.thehunter.com/#animal/1070766992,200,1,4a1ad34af1f31d77a7acdfc421c0414862887445.html.gz,
2026-04-17T03:47:09+02:00,clas,1070772100,https://www.thehunter.com/#animal/1070772100,200,1,fe24c9f615cac66d5646a70e72ae520b57fcc0e6.html.gz,
2026-04-17T03:47:09+02:00,clas,1070774566,https://www.thehunter.com/#animal/1070774566,200,1,b90fb6d6f5567603e8a83577d450bf242ed1ff2b.html.gz,
2026-04-17T03:47:09+02:00,clas,1070775797,https://www.thehunter.com/#animal/1070775797,200,1,568decd157dc4a945b78a61014670e221181def6.html.gz,
2026-04-17T03:47:09+02:00,clas,1070777216,https://www.thehunter.com/#animal/1070777216,200,1,40c330885bc03a7eca1ddfc305cc96e6fdae0426.html.gz,
2026-04-17T03:47:09+02:00,clas,1070780567,https://www.thehunter.com/#animal/1070780567,200,1,b6b6dff5fa147e0a23f331a5e01f292031c585d2.html.gz,
2026-04-17T03:47:09+02:00,clas,1070783253,https://www.thehunter.com/#animal/1070783253,200,1,1164d1c282cb84c5bf95d984868848db680bb687.html.gz,
2026-04-17T03:47:09+02:00,clas,1070783823,https://www.thehunter.com/#animal/1070783823,200,1,0f639303f4b5cb88bdc5973b4b106b2320fbd2f3.html.gz,
2026-04-17T03:47:09+02:00,clas,1070787485,https://www.thehunter.com/#animal/1070787485,200,1,f889001a414e4fbd7caa58c78c3711abef950a22.html.gz,
2026-04-17T03:47:09+02:00,clas,1070787555,https://www.thehunter.com/#animal/1070787555,200,1,0361bfaed3ad9a9074f44b2b6aac3b2c1cd3b4d3.html.gz,
2026-04-17T03:47:09+02:00,clas,1070787858,https://www.thehunter.com/#animal/1070787858,200,1,f5fb005a560b44fd4969eee3e36ca37e0945ddfc.html.gz,
2026-04-17T03:47:09+02:00,clas,1070788009,https://www.thehunter.com/#animal/1070788009,200,1,c37ef13a589c776de9a4e73fb8ceab29eee5090f.html.gz,
2026-04-17T03:47:09+02:00,clas,1070788085,https://www.thehunter.com/#animal/1070788085,200,1,a489f8a91da84f37df3c319c9b8dff9cc5964e0a.html.gz,
2026-04-17T03:47:09+02:00,clas,1070788822,https://www.thehunter.com/#animal/1070788822,200,1,7baf87de3b0685a75765f9d99ed33e583b47c7bd.html.gz,
2026-04-17T03:47:09+02:00,clas,1070789034,https://www.thehunter.com/#animal/1070789034,200,1,a0f2dce4ff42aa0d356999254a99de03d20000f5.html.gz,
2026-04-17T03:47:09+02:00,clas,1070791562,https://www.thehunter.com/#animal/1070791562,200,1,94abdf97b22fa0455615fc838d66b235d4588db5.html.gz,
2026-04-17T03:47:09+02:00,clas,1070795170,https://www.thehunter.com/#animal/1070795170,200,1,bf9780313fbdabe8bbf527b72c3eb72ea923f7d3.html.gz,
2026-04-17T03:47:09+02:00,clas,1070798117,https://www.thehunter.com/#animal/1070798117,200,1,5e38d3bd123e7c7885fe8e3cb7f6a2d9d7fa0ccb.html.gz,
2026-04-17T03:47:09+02:00,clas,1070799847,https://www.thehunter.com/#animal/1070799847,200,1,ec42052c77f872be42faec71713a4ffb8bbc1332.html.gz,
2026-04-17T03:47:09+02:00,clas,1070800868,https://www.thehunter.com/#animal/1070800868,200,1,480a701c651014851bb899f8423878aef7888bf0.html.gz,
2026-04-17T03:47:09+02:00,clas,1070801031,https://www.thehunter.com/#animal/1070801031,200,1,b69a4fef30c4ca3cb35abcb70325923cdcb35715.html.gz,
2026-04-17T03:47:09+02:00,clas,1070813282,https://www.thehunter.com/#animal/1070813282,200,1,28beab5f7aea9585c66abc0f5a4779c3ce385129.html.gz,
2026-04-17T03:47:09+02:00,clas,1070815415,https://www.thehunter.com/#animal/1070815415,200,1,3884fd08be63a089adc4733be1b65ee17491cc46.html.gz,
2026-04-17T03:47:09+02:00,clas,1070823467,https://www.thehunter.com/#animal/1070823467,200,1,e81222b3622d385593e35da44252954c808a71b4.html.gz,
2026-04-17T03:47:09+02:00,clas,1070828354,https://www.thehunter.com/#animal/1070828354,200,1,9b69dc98ebd39fb377793e04cc831baf1e54678a.html.gz,
2026-04-17T03:47:09+02:00,clas,1070829680,https://www.thehunter.com/#animal/1070829680,200,1,c3b732affa943b52bd2e21357b740b7923b49789.html.gz,
2026-04-17T03:47:09+02:00,clas,1070830842,https://www.thehunter.com/#animal/1070830842,200,1,e5668b29cfb204a8e2d3bad047c50bd74858322b.html.gz,
2026-04-17T03:47:09+02:00,clas,1070837387,https://www.thehunter.com/#animal/1070837387,200,1,507a797f84c882e30d7ac3997eedb8742d2c2f89.html.gz,
2026-04-17T03:47:09+02:00,clas,1070837477,https://www.thehunter.com/#animal/1070837477,200,1,6f4bfab0a8feb96c5a7c5fe2d85da5b0dc670101.html.gz,
2026-04-17T03:47:09+02:00,clas,1070837865,https://www.thehunter.com/#animal/1070837865,200,1,ae2029490ffbfd335b0b20633c5ad52436cf1d22.html.gz,
2026-04-17T03:47:09+02:00,clas,1070842877,https://www.thehunter.com/#animal/1070842877,200,1,8d940546667c50a03704e51819f352f0a4d0aa9e.html.gz,
2026-04-17T03:47:09+02:00,clas,1070844315,https://www.thehunter.com/#animal/1070844315,200,1,89bae14fc8db694e00c5acc33924519257b13b3a.html.gz,
2026-04-17T03:47:09+02:00,clas,1070846203,https://www.thehunter.com/#animal/1070846203,200,1,c791dd344887eb7d65f78abb41cc0c9c90f7b401.html.gz,
2026-04-17T03:47:09+02:00,clas,1070849000,https://www.thehunter.com/#animal/1070849000,200,1,754e5157867ee60d50a54363586e38dfb807c86b.html.gz,
2026-04-17T03:47:09+02:00,clas,1070853324,https://www.thehunter.com/#animal/1070853324,200,1,ff28ee473618487a0cfeb6afd2c11db6b103386c.html.gz,
2026-04-17T03:47:09+02:00,clas,1070854003,https://www.thehunter.com/#animal/1070854003,200,1,9bbd527f265821bed41d0aabab41248811f773b7.html.gz,
2026-04-17T03:47:09+02:00,clas,1070855760,https://www.thehunter.com/#animal/1070855760,200,1,61a5a8c5c40fa6e5dc98af2e0b48e0a6cc13f31a.html.gz,
2026-04-17T03:47:09+02:00,clas,1070856132,https://www.thehunter.com/#animal/1070856132,200,1,1727b4cc3ae6f25666ddbe49722484a94d633aeb.html.gz,
2026-04-17T03:47:09+02:00,clas,1070857327,https://www.thehunter.com/#animal/1070857327,200,1,c7d0f7121efff2268a78696b5b61bf20e8e27d95.html.gz,
2026-04-17T03:47:09+02:00,clas,1070859349,https://www.thehunter.com/#animal/1070859349,200,1,cc923f4e9ddd1ca8180febec2e9216db91b6a73d.html.gz,
2026-04-17T03:47:09+02:00,clas,1070860737,https://www.thehunter.com/#animal/1070860737,200,1,1c5191d358df488a73e8dced9e70826389cfa437.html.gz,
2026-04-17T03:47:09+02:00,clas,1070861463,https://www.thehunter.com/#animal/1070861463,200,1,dccc5f7a214ef8422a72a8a2ffec3c8fc0c12ee5.html.gz,
2026-04-17T03:47:09+02:00,clas,1070863267,https://www.thehunter.com/#animal/1070863267,200,1,d0010e1dae9bc29c637c79b6e6300598b30ac15f.html.gz,
2026-04-17T03:47:09+02:00,clas,1070866119,https://www.thehunter.com/#animal/1070866119,200,1,bc96803c2244c473b072bd6c02ab4093a29c8df3.html.gz,
2026-04-17T03:47:09+02:00,clas,1070867434,https://www.thehunter.com/#animal/1070867434,200,1,60f5132b544b20bc3f82c9ba2714f4583b895a2b.html.gz,
2026-04-17T03:47:09+02:00,clas,1070868791,https://www.thehunter.com/#animal/1070868791,200,1,a5f6f56b78f045322b8a2b437f622d392619aa66.html.gz,
2026-04-17T03:47:09+02:00,clas,1070869754,https://www.thehunter.com/#animal/1070869754,200,1,a5a4a538ef751ce1d52cd716b4ece3a8b792502c.html.gz,
2026-04-17T03:47:09+02:00,clas,1070870011,https://www.thehunter.com/#animal/1070870011,200,1,aa3d4b1133d70e420cbea7d01484ef719b689af4.html.gz,
2026-04-17T03:47:09+02:00,clas,1070874824,https://www.thehunter.com/#animal/1070874824,200,1,9eaa1777b41a9089fab0435441454a733a8e2633.html.gz,
2026-04-17T03:47:09+02:00,clas,1070875512,https://www.thehunter.com/#animal/1070875512,200,1,12f7d386ec9b39547d86c82ebb085f0a37c81a6f.html.gz,
2026-04-17T03:47:09+02:00,clas,1070886633,https://www.thehunter.com/#animal/1070886633,200,1,9a5a6c543288106298ca23b78bc2a7aebb433cf9.html.gz,
2026-04-17T03:47:09+02:00,clas,1070892976,https://www.thehunter.com/#animal/1070892976,200,1,bcc1f3a7b9940983341c9c8b811992dbb2bdf61e.html.gz,
2026-04-17T03:47:09+02:00,clas,1070900631,https://www.thehunter.com/#animal/1070900631,200,1,65b6663c7f41f19b9775bc6aa481aa76a8ce9189.html.gz,
2026-04-17T03:47:09+02:00,clas,1070905206,https://www.thehunter.com/#animal/1070905206,200,1,e9d5517f3fb17807c735857594e935f85dc9a2ce.html.gz,
2026-04-17T03:47:09+02:00,clas,1070907644,https://www.thehunter.com/#animal/1070907644,200,1,fa5cf275546105252e9503b50c36862d2085b651.html.gz,
2026-04-17T03:47:09+02:00,clas,1070911812,https://www.thehunter.com/#animal/1070911812,200,1,5f3528156a9f75355851db717b4a008cc644af63.html.gz,
2026-04-17T03:47:09+02:00,clas,1070914956,https://www.thehunter.com/#animal/1070914956,200,1,a2989cca7f6ffbb193a9fb72791ed903a7ae2bef.html.gz,
2026-04-17T03:47:09+02:00,clas,1070916357,https://www.thehunter.com/#animal/1070916357,200,1,7461ef3fc8acc84e1998e753215e746de6864af6.html.gz,
2026-04-17T03:47:09+02:00,clas,1070921159,https://www.thehunter.com/#animal/1070921159,200,1,4932d1d655dccd2f9297a608239d2647fe7ffc39.html.gz,
2026-04-17T03:47:09+02:00,clas,1070921655,https://www.thehunter.com/#animal/1070921655,200,1,bf2acbb308ef3b91f817be1099839f98a44ef4e4.html.gz,
2026-04-17T03:47:09+02:00,clas,1070922464,https://www.thehunter.com/#animal/1070922464,200,1,c67923b39935aad86f967dd2da50d53208edfec8.html.gz,
2026-04-17T03:47:09+02:00,clas,1070929895,https://www.thehunter.com/#animal/1070929895,200,1,38693f080364468ec61152d9eb5d8717054e29d3.html.gz,
2026-04-17T03:47:09+02:00,clas,1070933237,https://www.thehunter.com/#animal/1070933237,200,1,4de71927339684e0e9b9ce062a4a60079f70a2e7.html.gz,
2026-04-17T03:47:09+02:00,clas,1070943529,https://www.thehunter.com/#animal/1070943529,200,1,ea4d8e993d6625631f1dc98a448795514b92dbf8.html.gz,
2026-04-17T03:47:09+02:00,clas,1070944625,https://www.thehunter.com/#animal/1070944625,200,1,6c3dc58efad57ad49945ae1e3c770466190abf11.html.gz,
2026-04-17T03:47:09+02:00,clas,1070944922,https://www.thehunter.com/#animal/1070944922,200,1,d3994ac34a719a3ea6fa4b3acabb2961e33f018e.html.gz,
2026-04-17T03:47:09+02:00,clas,1070945758,https://www.thehunter.com/#animal/1070945758,200,1,324f5b97c0ea3a824c9ad712e1c1617b39d22dd8.html.gz,
2026-04-17T03:47:09+02:00,clas,1070946038,https://www.thehunter.com/#animal/1070946038,200,1,a40a108680d88cc9558d681056238d1e14127835.html.gz,
2026-04-17T03:47:09+02:00,clas,1070962072,https://www.thehunter.com/#animal/1070962072,200,1,50f26db824b0e31d4e1b11ecd483c254385d65ce.html.gz,
2026-04-17T03:47:09+02:00,clas,1070963566,https://www.thehunter.com/#animal/1070963566,200,1,d79cd02f88a17378992df16a64bd702d0aa75755.html.gz,
2026-04-17T03:47:09+02:00,clas,1070967533,https://www.thehunter.com/#animal/1070967533,200,1,80e2e285d04c8d815ec309cf46ef99eb4dfbf77e.html.gz,
2026-04-17T03:47:09+02:00,clas,1070969528,https://www.thehunter.com/#animal/1070969528,200,1,8f6771a84b01ff10b636440b7bba620eab8655bc.html.gz,
2026-04-17T03:47:09+02:00,clas,1070970843,https://www.thehunter.com/#animal/1070970843,200,1,c07272ef1d9c88f0f9e481972303beac070b1cdb.html.gz,
2026-04-17T03:47:09+02:00,clas,1070977041,https://www.thehunter.com/#animal/1070977041,200,1,41a1f1aadc514f324599972331e126de95db5869.html.gz,
2026-04-17T03:47:09+02:00,clas,1070985541,https://www.thehunter.com/#animal/1070985541,200,1,53f5b52a208f4a93721b8146a8a9e5eb8b58eafd.html.gz,
2026-04-17T03:47:09+02:00,clas,1070993791,https://www.thehunter.com/#animal/1070993791,200,1,0be0a8c2b80162a2f21ef8bb23945d955bd7f9f7.html.gz,
2026-04-17T03:47:09+02:00,clas,1070996079,https://www.thehunter.com/#animal/1070996079,200,1,aa6f9cc820eeb5aabb2ded03d168fdaadb2b3e75.html.gz,
2026-04-17T03:47:09+02:00,clas,1070999781,https://www.thehunter.com/#animal/1070999781,200,1,362c303f6956ca5ece8efbee493989b5ccd1d4da.html.gz,
2026-04-17T03:47:09+02:00,clas,1071000061,https://www.thehunter.com/#animal/1071000061,200,1,d54a0380be03be9806084ff9f388adfa31313c8f.html.gz,
2026-04-17T03:47:09+02:00,clas,1071002018,https://www.thehunter.com/#animal/1071002018,200,1,60bf2dd6734e445f6131e2be7374c8d054013828.html.gz,
2026-04-17T05:24:52+02:00,clas,1070150361,https://www.thehunter.com/#animal/1070150361,200,1,92db3920f4309cc6b94e19aba870197b0e8d9636.html.gz,
2026-04-17T05:24:52+02:00,clas,1070151212,https://www.thehunter.com/#animal/1070151212,200,1,1f61f5f4121f9c50ae4981b577ac8577e8c7d1d8.html.gz,
2026-04-17T05:24:52+02:00,clas,1070156110,https://www.thehunter.com/#animal/1070156110,200,1,96a563a1c1173f2d09d0388f03185b1ef876c42a.html.gz,
2026-04-17T05:24:52+02:00,clas,1070156175,https://www.thehunter.com/#animal/1070156175,200,1,7d4793a47b96b30d9bf2e3ecb3186981c8bc8c7c.html.gz,
2026-04-17T05:24:52+02:00,clas,1070156715,https://www.thehunter.com/#animal/1070156715,200,1,76d6250af5043e0c4a84b48a67b4defe3e77c88c.html.gz,
2026-04-17T05:24:52+02:00,clas,1070157835,https://www.thehunter.com/#animal/1070157835,200,1,1becb0cdc9ed037dff717ae2f79bf67c9ec3192b.html.gz,
2026-04-17T05:24:52+02:00,clas,1070166074,https://www.thehunter.com/#animal/1070166074,200,1,0ef6fafdbece4a1ba9eced48e03c0504e7837946.html.gz,
2026-04-17T05:24:52+02:00,clas,1070167422,https://www.thehunter.com/#animal/1070167422,200,1,81898571c255c0c5f0f4cfd09a58a5b3f929a5c2.html.gz,
2026-04-17T05:24:52+02:00,clas,1070171445,https://www.thehunter.com/#animal/1070171445,200,1,c20740387031cce0e69ce66bfcc4afea6669aa57.html.gz,
2026-04-17T05:24:52+02:00,clas,1070173350,https://www.thehunter.com/#animal/1070173350,200,1,157599580aceac95b831ce58533ce2a96844caaa.html.gz,
2026-04-17T05:24:52+02:00,clas,1070174900,https://www.thehunter.com/#animal/1070174900,200,1,abc5af65108bb4bdfa0ff0d61de68b49709fe437.html.gz,
2026-04-17T05:24:52+02:00,clas,1070176256,https://www.thehunter.com/#animal/1070176256,200,1,043a0a625e59b03fc8ed27772ce94a8b06726a32.html.gz,
2026-04-17T05:24:52+02:00,clas,1070176508,https://www.thehunter.com/#animal/1070176508,200,1,df66057a843a68c57ba66a3c1cdcb1b608ff6879.html.gz,
2026-04-17T05:24:52+02:00,clas,1070177636,https://www.thehunter.com/#animal/1070177636,200,1,b3accab56e00a5a3b46fbb82bc32f5133e14fe54.html.gz,
2026-04-17T05:24:52+02:00,clas,1070178300,https://www.thehunter.com/#animal/1070178300,200,1,43e388521f8eef41d7e62abdc0db3a58fd64b01b.html.gz,
2026-04-17T05:24:52+02:00,clas,1070178474,https://www.thehunter.com/#animal/1070178474,200,1,664be35ad14c8b03b7f28365ab4ff5861e3440fc.html.gz,
2026-04-17T05:24:52+02:00,clas,1070179669,https://www.thehunter.com/#animal/1070179669,200,1,0287faf782522fa293e2de8af359f21aaa250a5c.html.gz,
2026-04-17T05:24:52+02:00,clas,1070179806,https://www.thehunter.com/#animal/1070179806,200,1,3b4407f635b1feabb5b099cff510435d6b57982d.html.gz,
2026-04-17T05:24:52+02:00,clas,1070179951,https://www.thehunter.com/#animal/1070179951,200,1,b6adb14a4d2cf643196bd569a6b8d68d211aabc6.html.gz,
2026-04-17T05:24:52+02:00,clas,1070181339,https://www.thehunter.com/#animal/1070181339,200,1,560d914a26bc59734e08c8dc8ee448aaa9aeb6eb.html.gz,
2026-04-17T05:24:52+02:00,clas,1070188185,https://www.thehunter.com/#animal/1070188185,200,1,29f6b69b0d3b6bf9f8cd797893d1baae7d48f1b7.html.gz,
2026-04-17T05:24:52+02:00,clas,1070190196,https://www.thehunter.com/#animal/1070190196,200,1,21c1909eab76d81290d54fb2bc17dc23eaa1c2a4.html.gz,
2026-04-17T05:24:52+02:00,clas,1070192703,https://www.thehunter.com/#animal/1070192703,200,1,c13333f1d61ab85ee8c1ba736da0f7f9209a139e.html.gz,
2026-04-17T05:24:52+02:00,clas,1070193019,https://www.thehunter.com/#animal/1070193019,200,1,7c6416e6860df02f76dd05bbd773f9dc38bd0f1d.html.gz,
2026-04-17T05:24:52+02:00,clas,1070194863,https://www.thehunter.com/#animal/1070194863,200,1,51698115ca7b4d95358caaa2bee8e315fe20e9dc.html.gz,
2026-04-17T05:24:52+02:00,clas,1070196684,https://www.thehunter.com/#animal/1070196684,200,1,49b9d1cfeb241fd0675723d90281fc5c82fb02bf.html.gz,
2026-04-17T05:24:52+02:00,clas,1070198937,https://www.thehunter.com/#animal/1070198937,200,1,27379b3d1295df7242cf9fa1f0136f28e599628d.html.gz,
2026-04-22T17:55:32+02:00,clas,1070150361,https://www.thehunter.com/#animal/1070150361,200,1,92db3920f4309cc6b94e19aba870197b0e8d9636.html.gz,
2026-04-22T17:55:32+02:00,clas,1070151212,https://www.thehunter.com/#animal/1070151212,200,1,1f61f5f4121f9c50ae4981b577ac8577e8c7d1d8.html.gz,
2026-04-22T17:55:32+02:00,clas,1070156110,https://www.thehunter.com/#animal/1070156110,200,1,96a563a1c1173f2d09d0388f03185b1ef876c42a.html.gz,
2026-04-22T17:58:33+02:00,clas,1070199715,https://www.thehunter.com/#animal/1070199715,200,1,9ccfc045e6880d0dc4fbc425b43392f5fad81756.html.gz,
2026-04-22T17:58:33+02:00,clas,1070200377,https://www.thehunter.com/#animal/1070200377,200,1,d100bed5eb380cd8141b50cc3293d027fc8d8c3f.html.gz,
2026-04-22T17:58:33+02:00,clas,1070206354,https://www.thehunter.com/#animal/1070206354,200,1,adc16316c39e239a7a722091f1a89795ab4cef18.html.gz,
2026-04-22T18:12:25+02:00,clas,1070206760,https://www.thehunter.com/#animal/1070206760,200,1,ae6efa363cf77428a1b517d0df1b962af8c54122.html.gz,
2026-04-22T18:12:25+02:00,clas,1070206898,https://www.thehunter.com/#animal/1070206898,200,1,41eac79f0669c9dfce1c582758105519c9489c2f.html.gz,
2026-04-22T18:12:25+02:00,clas,1070211884,https://www.thehunter.com/#animal/1070211884,200,1,8b2158689e54f76d2bc37e09535fec7bfb2d1527.html.gz,
2026-04-22T18:12:25+02:00,clas,1070212070,https://www.thehunter.com/#animal/1070212070,200,1,e8c5e3089e89d064bc8e0adeb5b31892cff496a1.html.gz,
2026-04-22T18:12:25+02:00,clas,1070213186,https://www.thehunter.com/#animal/1070213186,200,1,3682664fe70cae3c837302c9c88b125e2b1c1e2d.html.gz,
2026-04-22T18:15:44+02:00,clas,1070150361,https://www.thehunter.com/#animal/1070150361,200,1,92db3920f4309cc6b94e19aba870197b0e8d9636.html.gz,
2026-04-22T18:15:44+02:00,clas,1070151212,https://www.thehunter.com/#animal/1070151212,200,1,1f61f5f4121f9c50ae4981b577ac8577e8c7d1d8.html.gz,
2026-04-22T18:15:44+02:00,clas,1070156110,https://www.thehunter.com/#animal/1070156110,200,1,96a563a1c1173f2d09d0388f03185b1ef876c42a.html.gz,
2026-04-22T18:31:44+02:00,clas,1070156175,https://www.thehunter.com/#animal/1070156175,200,1,7d4793a47b96b30d9bf2e3ecb3186981c8bc8c7c.html.gz,
2026-04-22T18:31:44+02:00,clas,1070156715,https://www.thehunter.com/#animal/1070156715,200,1,76d6250af5043e0c4a84b48a67b4defe3e77c88c.html.gz,
2026-04-22T18:31:44+02:00,clas,1070157835,https://www.thehunter.com/#animal/1070157835,200,1,1becb0cdc9ed037dff717ae2f79bf67c9ec3192b.html.gz,
2026-04-22T18:31:44+02:00,clas,1070166074,https://www.thehunter.com/#animal/1070166074,200,1,0ef6fafdbece4a1ba9eced48e03c0504e7837946.html.gz,
2026-04-22T18:31:44+02:00,clas,1070167422,https://www.thehunter.com/#animal/1070167422,200,1,81898571c255c0c5f0f4cfd09a58a5b3f929a5c2.html.gz,
2026-04-22T18:31:44+02:00,clas,1070171445,https://www.thehunter.com/#animal/1070171445,200,1,c20740387031cce0e69ce66bfcc4afea6669aa57.html.gz,
2026-04-22T18:31:44+02:00,clas,1070173350,https://www.thehunter.com/#animal/1070173350,200,1,157599580aceac95b831ce58533ce2a96844caaa.html.gz,
2026-04-22T18:31:44+02:00,clas,1070174900,https://www.thehunter.com/#animal/1070174900,200,1,abc5af65108bb4bdfa0ff0d61de68b49709fe437.html.gz,
2026-04-22T18:31:44+02:00,clas,1070176256,https://www.thehunter.com/#animal/1070176256,200,1,043a0a625e59b03fc8ed27772ce94a8b06726a32.html.gz,
2026-04-22T18:31:44+02:00,clas,1070176508,https://www.thehunter.com/#animal/1070176508,200,1,df66057a843a68c57ba66a3c1cdcb1b608ff6879.html.gz,
